mu_xi,mu_ep,mu_rho,sigma,xi,ep,rho,log_lik,lp__
0.408036286232,0.154192816605,4.92105773597,[ 18.6102106    0.10536415   0.1411706 ],"[  0.00000000e+000   6.14755182e-244   1.00886707e-009   1.30851357e-029
   9.06605400e-013   0.00000000e+000   9.28079741e-015   1.77501499e-181
   5.76404514e-072   1.09986266e-002]","[ 0.18043346  0.15180361  0.12897608  0.1938261   0.13088926  0.15460922
  0.13806359  0.15854801  0.15845086  0.19221368]","[ 4.71239894  5.31533937  4.73201517  4.30556774  4.91968034  5.60569039
  5.44921239  6.99788642  4.75414537  4.7320112 ]","[-71.80820475 -78.06832231 -91.17434108 -63.36692876 -68.36976968
 -88.85247755 -83.38712201 -77.14744667 -77.54702853 -92.09000093]",-809.862742244
0.0493701399776,0.155093045158,6.33046722401,[ 0.7565657   0.04035753  0.12668527],"[ 0.09419959  0.00167764  0.06002327  0.05761999  0.00793155  0.0577717
  0.0578935   0.01019822  0.08288379  0.16068012]","[ 0.16650223  0.15918917  0.15761518  0.1652154   0.14651098  0.14869312
  0.15771246  0.16491651  0.14510242  0.16341593]","[ 6.55066595  5.9182481   6.07208219  7.37099458  6.20137704  7.45196223
  5.57430417  7.22858044  7.0626792   6.07303717]","[-72.13473189 -77.76111731 -92.41975264 -64.73900927 -67.26156967
 -87.35333487 -81.63306956 -77.29631793 -77.06146191 -90.38442307]",-806.750728871
0.417467486355,0.170988169153,4.69445969733,[ 15.00787231   0.04768645   0.12233654],"[  1.72007756e-05   2.55362735e-83   3.54124738e-02   5.80194595e-03
   7.62280287e-14   1.23295636e-02   2.08582376e-04   1.69062280e-90
   7.12605768e-02   6.28486756e-77]","[ 0.18773367  0.17760974  0.160632    0.16681192  0.17118181  0.19039253
  0.16998635  0.16823751  0.17589779  0.17109917]","[ 3.72869554  5.56525829  5.05938237  5.5332627   5.50736868  5.33789381
  4.17794017  5.06792952  4.74324139  3.99070152]","[-72.06375822 -77.31726902 -92.44952726 -61.78479951 -67.30417215
 -89.02778256 -81.67517965 -79.19956756 -78.55827616 -89.4267308 ]",-806.119318372
0.133945339141,0.156171815297,4.9315508297,[ 16.5797639    0.10458393   0.13249089],"[  3.84021426e-019   5.75210311e-011   8.59674582e-003   0.00000000e+000
   2.41119366e-012   3.99239300e-006   4.74954105e-146   2.13596618e-027
   0.00000000e+000   1.72562685e-011]","[ 0.17506411  0.1614751   0.13374873  0.1460813   0.17436168  0.15225916
  0.17418916  0.13483425  0.18787546  0.16249534]","[ 3.86996847  5.9509122   5.16012274  6.62498694  5.54321812  4.98674199
  4.19356696  5.51459307  4.5556613   4.13004795]","[-71.88201851 -77.80737618 -91.46921374 -61.3550206  -67.39523871
 -89.2795466  -81.61270225 -79.93279606 -77.7441223  -89.54533436]",-807.442727934
0.0723918401644,0.192348322885,5.95891916154,[ 0.61676323  0.17888875  0.18942571],"[ 0.03331717  0.01631932  0.08745574  0.01017579  0.01658774  0.07803023
  0.1151962   0.05441502  0.0415632   0.03060265]","[ 0.13999411  0.15401761  0.12512751  0.19871392  0.14369873  0.19239885
  0.22056338  0.19634871  0.20020355  0.16215055]","[ 5.98174791  5.60132167  4.92382539  5.80231098  5.60670633  5.96444283
  5.52014566  5.9851417   5.94414414  5.17015215]","[-70.9095169  -77.85542771 -92.06056814 -62.64106875 -67.38152241
 -87.74218783 -81.91961749 -78.50215384 -78.2425188  -91.07432786]",-802.302591256
0.0327274339881,0.137375584291,5.50953455371,[ 0.50429893  0.11130899  0.25066703],"[ 0.04636258  0.00372661  0.03555457  0.01941432  0.02920546  0.00813932
  0.01353131  0.04331738  0.10975508  0.0828577 ]","[ 0.10663188  0.17041396  0.11306758  0.18382997  0.12962177  0.14418289
  0.1879371   0.13950821  0.0980885   0.15566133]","[ 6.42533325  5.87647764  5.81498333  5.85738605  5.67083854  5.81141225
  4.95500111  6.73304589  8.86527974  5.15565401]","[-70.55695567 -77.51807383 -90.40959626 -62.62025365 -68.06458631
 -88.65652234 -82.10894797 -78.52121817 -77.23062099 -89.30790843]",-806.592003992
0.0372497441071,0.114433149538,5.63638787376,[ 0.07200343  0.21102394  0.03778281],"[ 0.03475112  0.03902753  0.0383889   0.04347653  0.03431869  0.02909607
  0.03314817  0.04301609  0.04163311  0.05084089]","[ 0.13768576  0.18994135  0.10421225  0.1713375   0.11928874  0.12909625
  0.16073305  0.17160508  0.20370865  0.14357156]","[ 5.33729745  5.8163869   5.59485652  5.35967801  5.66739714  5.8374101
  5.80997625  5.70184523  5.62574546  5.33924312]","[-70.83352321 -77.37080627 -90.28355394 -63.90054959 -68.78691879
 -88.93207847 -82.4313731  -79.01493121 -78.01859208 -89.82400381]",-815.003200707
0.028751491782,0.143697784425,5.83458479432,[ 0.3411599   0.05930108  0.05647477],"[ 0.03230416  0.06150582  0.03669904  0.00846619  0.04913428  0.00677263
  0.03370621  0.02265554  0.03761991  0.06362364]","[ 0.16112491  0.15362565  0.14831937  0.13294482  0.15486928  0.14291165
  0.13586591  0.139848    0.14234619  0.14730741]","[ 5.61953686  6.24195907  6.07319981  5.81860876  6.21267354  6.31048122
  6.32405689  6.23114736  6.0627502   5.66308393]","[-71.30135373 -78.37813286 -92.6737221  -62.06448179 -67.95339232
 -88.83923872 -82.81467034 -78.62229447 -77.17686914 -90.1626095 ]",-811.52059923
0.248941448949,0.136945430109,5.46042469548,[ 4.90503303  0.1472944   0.28922393],"[  1.01814250e-08   7.96999475e-04   2.96465249e-18   3.92367066e-03
   4.48712152e-15   4.08909430e-06   5.73490619e-04   9.77834533e-22
   7.72134621e-03   3.32911491e-04]","[ 0.08928491  0.18245677  0.09678005  0.15869185  0.15027139  0.11469451
  0.12090939  0.17881396  0.12946698  0.100821  ]","[ 5.96573018  4.59727254  4.47559417  5.9479868   5.86860595  5.38719682
  4.47288628  6.05877186  5.39165163  4.92427181]","[-72.77682847 -77.89688005 -91.51401341 -61.5350115  -67.19647352
 -90.19508074 -83.23115776 -77.20875127 -77.55549147 -90.1628006 ]",-804.211577853
0.0544036176836,0.16317075914,7.63569051251,[ 0.60671008  0.17741965  0.22737559],"[ 0.02054119  0.10042677  0.09123109  0.00428929  0.05137927  0.09504668
  0.22201669  0.01060628  0.04733781  0.10826913]","[ 0.14158802  0.17051242  0.13518867  0.1207121   0.18211901  0.14845625
  0.08224347  0.16244989  0.12447258  0.16487464]","[  4.5164794    7.1603972    6.7659421    5.92732896   6.55379326
   8.69465961  10.15669005   6.18387451   6.20680257   4.97886125]","[-71.56181956 -78.98876736 -91.04486424 -62.18766984 -68.45571152
 -86.32132647 -86.80190373 -77.44919572 -77.18715775 -89.38180388]",-812.260670514
0.0295746914225,0.131637258826,7.02478639864,[ 0.44848096  0.02437837  0.14641206],"[ 0.01637471  0.01884679  0.00873463  0.01267336  0.02729554  0.07239818
  0.01051664  0.03121524  0.03598226  0.06295028]","[ 0.13249995  0.13696343  0.1319772   0.13367705  0.12433076  0.12452377
  0.12850612  0.13520611  0.12795831  0.1324713 ]","[ 8.41305412  6.70311728  6.07276208  6.68255166  7.13341843  7.88484165
  5.34381759  6.71426333  6.88350405  5.86663353]","[-75.87006487 -78.15451265 -92.96541434 -61.68373625 -67.34186212
 -87.640696   -82.58767562 -78.40303258 -77.31447961 -89.96331168]",-812.562391028
0.0495131696304,0.161857094281,5.39000068019,[ 0.22938387  0.17124067  0.10168331],"[ 0.03371555  0.03500067  0.02710828  0.0198258   0.03141724  0.01656011
  0.04409909  0.04671929  0.04138794  0.0892297 ]","[ 0.13710206  0.18736213  0.17352894  0.17309447  0.1274316   0.1599727
  0.12620141  0.18492044  0.13304289  0.16058838]","[ 4.91053818  5.33995383  5.13534307  4.96569618  5.87650284  5.1503195
  5.22213129  5.81354429  5.39586508  4.89674169]","[-71.23605608 -77.53711018 -93.49468378 -63.16503807 -67.95175536
 -88.97816655 -82.2866875  -78.62286674 -77.6453603  -89.19600992]",-809.094527844
0.0253263844938,0.155942450622,5.86847899697,[ 0.35215274  0.10512364  0.07821773],"[ 0.02167058  0.03056925  0.04555782  0.01487455  0.02772965  0.05548653
  0.03471775  0.01032375  0.00785745  0.02503606]","[ 0.14787519  0.18477134  0.12148428  0.14006008  0.15382885  0.16058117
  0.13591025  0.16432473  0.17292919  0.12762408]","[ 5.2555039   6.10129509  5.47808088  6.34870248  5.57533592  6.62861588
  6.10701075  5.77008544  4.97055203  5.3344225 ]","[-70.96141211 -77.37167258 -90.67719333 -61.86213771 -67.60473387
 -87.49981874 -82.47844667 -77.97043401 -77.57746611 -90.34117969]",-806.571026738
0.0383192797971,0.188707043503,5.27581739794,[ 0.29280066  0.18410651  0.00071226],"[ 0.0574801   0.02332604  0.02537123  0.00731673  0.02526377  0.09421966
  0.08232168  0.01704864  0.02607012  0.04975361]","[ 0.12849941  0.21333036  0.10809654  0.15229449  0.21369178  0.21449834
  0.12486947  0.20969111  0.10260013  0.12031935]","[ 5.28201968  5.27314961  5.27452562  5.27824986  5.27518148  5.27245779
  5.27644833  5.27662652  5.2754387   5.28247322]","[-71.41945522 -77.0296248  -90.43837842 -62.2972014  -67.95370442
 -89.03137901 -82.93344385 -78.42782369 -79.43406735 -89.05452778]",-819.953051933
0.023089711949,0.185956183968,5.21957679158,[ 0.35896203  0.15641584  0.14038062],"[ 0.0403945   0.00725278  0.04769711  0.04860718  0.02546678  0.01067481
  0.0319327   0.0152073   0.05498229  0.01658246]","[ 0.16015602  0.1998983   0.14557133  0.25736511  0.23363794  0.17326299
  0.18554665  0.18156535  0.14591005  0.17053525]","[ 4.99231063  5.14227747  4.94492847  5.08708671  5.23912065  5.34300139
  4.64091477  6.08235058  5.30489073  4.16694129]","[-71.10007952 -76.98068057 -91.72084008 -64.80013775 -68.23710999
 -88.82070644 -81.36677706 -77.44708561 -77.69415697 -89.33966911]",-804.805389312
0.0448073784119,0.168483845036,6.40898950682,[ 0.21989369  0.17228627  0.1533134 ],"[ 0.03011143  0.03540594  0.04526003  0.01944808  0.03113379  0.04778821
  0.05413602  0.03721392  0.11078889  0.09014203]","[ 0.1697547   0.15456377  0.09919161  0.10174535  0.1145197   0.18453905
  0.21761717  0.15045088  0.21640629  0.11399371]","[ 5.49908293  7.55302103  6.05650158  7.4690888   7.63532055  8.89487679
  4.82199254  7.06417184  6.13709206  8.10794323]","[-71.50492129 -78.41743189 -90.06248762 -62.22428298 -67.37325822
 -88.75747291 -81.46268059 -77.58179321 -78.14892879 -91.82557897]",-816.569963946
0.00188406171483,0.131937095681,5.00248633644,[ 3.38795362  0.12706575  0.1986405 ],"[  2.32834762e-16   4.71770274e-06   1.20584177e-01   1.16680087e-05
   3.11075485e-03   1.14057207e-06   8.19129624e-06   5.82974012e-08
   1.06298568e-22   3.60933060e-05]","[ 0.13186436  0.20559788  0.11620452  0.13704391  0.13798776  0.14791961
  0.12827295  0.16415697  0.17818942  0.10267076]","[ 4.97911122  5.50954982  7.75151581  7.32312976  6.85563614  5.28189678
  4.90582361  6.15874344  5.29650424  3.53219935]","[-71.42053916 -77.11752279 -90.43890192 -61.62294416 -67.80081667
 -88.98094614 -82.67158482 -77.22535083 -78.35102496 -90.78769221]",-811.367435694
0.0353435723155,0.153532585334,5.98559208289,[ 0.07694764  0.16022499  0.10207755],"[ 0.04250298  0.03214701  0.04180073  0.03717037  0.03443306  0.03186659
  0.03464394  0.02686464  0.02822416  0.03077583]","[ 0.14151727  0.26433035  0.11349412  0.18379032  0.19050994  0.16530849
  0.12421383  0.15668797  0.17605702  0.19813729]","[ 6.3880899   5.81447348  5.75067388  5.34372735  5.34611509  5.29604139
  6.27558707  6.28135672  6.30983513  4.75519049]","[-71.09838097 -77.55535823 -90.39226984 -63.51645539 -67.8891826
 -88.74703623 -82.64906511 -77.90336461 -78.56537925 -91.07166981]",-814.464589691
0.00801643998824,0.143274844561,5.09713623822,[ 1.10396318  0.04978998  0.00663292],"[  2.12261782e-02   3.67267159e-03   2.47708329e-02   2.22954885e-03
   3.92522924e-04   3.62624457e-04   2.30313940e-02   3.63471078e-04
   2.50027254e-05   1.61314753e-02]","[ 0.14082866  0.16028659  0.13496932  0.15718855  0.17343483  0.15400695
  0.13292558  0.16370588  0.12810934  0.15310292]","[ 5.1524202   5.03595344  5.04563839  5.06155363  5.0775709   5.05066319
  5.13026081  5.11302808  5.10592621  5.04235594]","[-70.91985617 -78.04197052 -91.2776155  -62.29977301 -67.24322593
 -89.16100701 -82.09927598 -79.27436841 -77.77900127 -91.22924465]",-821.187821137
0.048778231462,0.145372783966,6.74150336749,[ 1.22148758  0.02698497  0.0210903 ],"[ 0.05175364  0.00219988  0.06347212  0.00090205  0.05538351  0.00043509
  0.0830748   0.00128615  0.10999795  0.15245505]","[ 0.14324554  0.14993461  0.1506877   0.13765504  0.1414268   0.15150587
  0.14171698  0.14077631  0.14574239  0.14555602]","[ 6.68211201  6.69454211  6.65628946  6.79114298  6.81310926  6.79644232
  6.62871267  6.78262749  6.80881817  6.74200645]","[-71.30409774 -78.6464642  -92.41780981 -61.24950626 -68.05293262
 -90.28502547 -82.06233598 -77.33787402 -77.50595628 -90.47041025]",-806.995381582
0.0249869515717,0.145372659466,6.30369702778,[ 0.23732871  0.01239339  0.08675515],"[ 0.03645857  0.03555888  0.07788559  0.02107556  0.02688769  0.03063947
  0.03905516  0.00568884  0.0510658   0.03315676]","[ 0.14093784  0.14687072  0.14526988  0.14253507  0.14497105  0.14511963
  0.14646597  0.14321547  0.15021236  0.14551829]","[ 5.63299365  6.68411055  6.26938309  6.69098022  6.46534358  6.418225
  6.11902713  6.98047366  6.28615703  5.93139932]","[-70.78624827 -77.92116604 -91.50246888 -62.17599096 -67.4320298
 -88.13876643 -82.45220433 -77.25123437 -77.1566214  -92.53237448]",-813.297636842
0.0927684540993,0.232194644794,4.5768889737,[ 12.66529502   0.26566876   0.09384301],"[  5.24411044e-064   3.46711116e-003   4.54680853e-074   9.91036103e-066
   0.00000000e+000   2.36717001e-032   3.10067135e-166   3.32452538e-004
   1.93305748e-004   1.64556999e-034]","[ 0.227188    0.20282902  0.14177924  0.21042862  0.24407412  0.24101187
  0.20463079  0.18720377  0.18003387  0.15439273]","[ 3.97127948  4.9692077   4.80973638  4.30100147  4.11891015  4.64926287
  4.46177474  5.0409908   4.68596485  4.1467193 ]","[-71.9210756  -76.97582236 -91.81543183 -63.15577428 -68.49527634
 -90.59583632 -81.90441425 -78.68406191 -77.66419679 -89.40944164]",-805.442729752
0.0372044676521,0.128387655428,7.94177285838,[ 0.62382163  0.11469956  0.17043667],"[ 0.05000965  0.04120747  0.00933762  0.00446228  0.00682167  0.16276545
  0.02199363  0.02484177  0.09873045  0.08202882]","[ 0.09421328  0.16387874  0.1202322   0.08009961  0.12367056  0.14626781
  0.09708017  0.13810992  0.1107388   0.10325266]","[  8.73124934   6.8034986    6.49948614   9.7354787    7.12917085
  12.31103232   6.88521612   7.88824579   7.05045895   6.01637156]","[-70.29676167 -77.82824165 -92.80496048 -61.29990125 -67.40610724
 -85.33057833 -84.27340002 -77.42513676 -77.75672317 -88.82345675]",-810.130064484
0.0162316960944,0.148901685271,5.09959098978,[ 1.23458272  0.04900396  0.12520128],"[  3.54539558e-02   8.61030718e-07   3.95725603e-02   1.21311647e-02
   7.30602327e-05   6.25362962e-02   8.06884323e-02   6.06815137e-06
   3.98844007e-04   8.25470478e-02]","[ 0.14862109  0.15158401  0.13892705  0.16831329  0.15691163  0.14786734
  0.15943664  0.16901574  0.13950882  0.14886322]","[ 4.8198973   5.3068689   5.4911928   5.36013758  4.89761472  4.55389273
  6.04920664  5.5901548   5.00658496  5.16513449]","[-71.20482259 -78.08522118 -91.41561462 -62.23057813 -67.51085999
 -92.1374973  -81.78678543 -77.85668092 -77.59072448 -89.18186574]",-809.578463413
0.0199038058814,0.145913448255,6.06431325391,[ 0.19762837  0.06584307  0.11452563],"[ 0.02375713  0.01559021  0.03391601  0.02430823  0.02449337  0.01212285
  0.02397821  0.02576824  0.02901045  0.01414518]","[ 0.11797623  0.15162427  0.14034058  0.15736723  0.15204047  0.13983226
  0.14496151  0.13477046  0.12523171  0.12058277]","[ 6.07151729  6.29506352  5.75021026  5.91976693  6.56192956  6.02518754
  5.11652074  6.53775209  5.92081237  4.46540508]","[-70.71927213 -77.77387573 -91.80735815 -62.49581256 -67.60224051
 -88.58386712 -81.83715784 -78.52068147 -77.30446008 -89.04858431]",-809.669988406
0.0247439881566,0.130224237276,6.01346292725,[ 0.36370412  0.11350977  0.05991512],"[ 0.03674536  0.0161155   0.00988358  0.01838874  0.03692409  0.01920422
  0.00574776  0.03986962  0.07883751  0.1526722 ]","[ 0.12815127  0.13362439  0.09641612  0.13389546  0.10506578  0.1159199
  0.13377631  0.12964081  0.16287412  0.1160338 ]","[ 5.4953601   6.21491111  6.25751905  5.84412949  5.90529198  6.54882448
  5.66008083  6.11625865  6.18283376  6.65806917]","[-70.80325829 -78.34550993 -90.48317913 -62.56745649 -69.50029727
 -88.9275513  -83.31134136 -80.3632216  -77.28253106 -89.78136167]",-816.151962936
0.0477989322044,0.143269915974,7.27230600616,[ 0.61831288  0.01691945  0.23001471],"[ 0.05919223  0.01924988  0.04537181  0.01591709  0.01613366  0.08101227
  0.08072642  0.00333194  0.11704855  0.06156331]","[ 0.13970319  0.14682759  0.14720787  0.13931727  0.13894992  0.1458748
  0.14166233  0.14503851  0.15000733  0.14205907]","[ 7.48325925  6.79418508  6.73665633  6.55340372  7.69386665  5.68386862
  8.21936619  7.11954048  7.90038504  5.38080003]","[-71.86792098 -78.00882508 -93.15389425 -61.88250044 -68.49543475
 -89.25189919 -83.56148485 -77.18460021 -77.35890194 -89.54463686]",-809.459585233
0.0166623308074,0.183532077171,5.59420556607,[ 0.29391278  0.32315742  0.17299557],"[ 0.02222533  0.02428251  0.0281725   0.00335612  0.00769851  0.0709846
  0.01636037  0.0095841   0.0299646   0.01630365]","[ 0.12360249  0.24813258  0.08803931  0.10139596  0.1657847   0.14198399
  0.18259401  0.14920847  0.2669274   0.10951074]","[ 5.33751616  5.03395375  4.77882282  7.54266052  4.77434487  8.62634215
  4.6674111   5.7504475   5.68841303  5.21841585]","[-70.95980582 -76.99752105 -91.96173987 -61.29297364 -67.79248291
 -87.03097601 -81.54285153 -78.61280102 -80.49847468 -89.90341093]",-810.49542787
0.0486964002039,0.123840170667,8.35226624984,[ 0.28223512  0.0900605   0.20662938],"[ 0.10913023  0.0340163   0.1347209   0.04886671  0.04810892  0.11116333
  0.11464111  0.0642105   0.1002019   0.08004333]","[ 0.15435688  0.12212768  0.12000552  0.10786938  0.10546109  0.1146502
  0.11530215  0.10205044  0.10912321  0.10954673]","[ 7.59997101  7.82056353  6.67037262  8.72320407  8.10117383  9.31950221
  7.56789536  8.48403348  8.19207254  5.93688465]","[-72.67128007 -78.68717063 -91.03551451 -63.36408963 -67.74209907
 -87.57293595 -82.65565676 -80.38912326 -77.06767741 -88.92628606]",-813.154978127
0.321596805745,0.130758256075,5.10608255731,[ 15.51678204   0.05890259   0.15587574],"[  1.79814014e-03   1.92619765e-24   6.01347493e-02   7.18063844e-30
   2.76766629e-25   6.74650470e-02   1.53521288e-16   9.10664867e-86
   2.00069988e-21   7.71383839e-86]","[ 0.14910773  0.13804557  0.12085269  0.12532764  0.12558502  0.14848933
  0.13584661  0.13033715  0.13579363  0.13214973]","[ 4.03399871  6.64644631  5.55368758  6.52304785  6.23726588  5.99891388
  4.70385493  5.7814821   5.04659456  4.20003541]","[-72.10109129 -78.92537673 -90.69896483 -61.11962289 -67.16187192
 -88.32423603 -82.36705854 -79.56299975 -77.63382061 -89.17330015]",-804.111147003
0.0307718457874,0.174448155246,5.49554375258,[ 0.35080631  0.02355538  0.1490392 ],"[ 0.0626728   0.0115007   0.06711217  0.02249625  0.04349219  0.03379931
  0.03511353  0.00744604  0.02034067  0.06332072]","[ 0.16947698  0.18049649  0.17755813  0.18719695  0.16743817  0.16584949
  0.16873044  0.17631945  0.17464588  0.17226773]","[ 5.34067531  6.41241521  5.60379187  6.40447037  5.73447545  6.02258992
  4.88245674  6.01145185  5.47367167  4.63685285]","[-71.37827728 -77.86988323 -93.06520988 -63.35711765 -67.92676192
 -88.11391586 -81.4552537  -77.37194666 -77.72177971 -89.27620183]",-809.473968475
0.0361017343675,0.157590334153,5.64628862839,[ 0.70039224  0.03239903  0.01183274],"[ 0.04248396  0.00312859  0.04647832  0.00443505  0.00134478  0.01520066
  0.13101192  0.0057182   0.04857898  0.10999831]","[ 0.14731574  0.16942978  0.15979577  0.16608713  0.17190976  0.14883636
  0.16385052  0.16246028  0.14867527  0.16314203]","[ 5.53603045  5.70515715  5.67872212  5.75745168  5.70349015  5.58116491
  5.63156586  5.55120081  5.66697125  5.60560419]","[-70.87205328 -77.44651071 -92.59777355 -61.6520599  -67.48087196
 -88.64636686 -82.52616757 -78.32401833 -77.23754458 -89.76964221]",-814.55139822
0.0563582627416,0.141644844627,6.89072830625,[ 0.15214757  0.15281517  0.18979106],"[ 0.04501569  0.04635022  0.0760393   0.03618013  0.05533768  0.03879112
  0.06013482  0.06860679  0.03886928  0.0329841 ]","[ 0.14711747  0.13983333  0.09588514  0.15205209  0.13864208  0.16923751
  0.13076471  0.17636038  0.15095823  0.11338417]","[ 7.06045037  7.26090536  7.54298093  7.31372569  7.8053611   6.740518
  5.67858463  7.15337867  6.89196243  5.77139034]","[-72.10079137 -78.23691956 -89.81626681 -63.45291553 -68.37437652
 -87.98455812 -81.99586502 -77.95023897 -77.85275031 -90.20121741]",-805.849864908
0.00912571938184,0.178767639593,5.00628055855,[ 0.35541128  0.15730984  0.15607892],"[ 0.00242685  0.00131949  0.02193841  0.00286428  0.01241318  0.00139539
  0.00944413  0.01065356  0.00290145  0.00992052]","[ 0.13396593  0.19452621  0.09933263  0.176905    0.1925963   0.1814577
  0.20612484  0.17426572  0.15488027  0.13175874]","[ 4.2602546   4.73916267  5.36768824  5.23665985  5.4417337   4.94884763
  5.35937553  5.5712104   5.54434241  4.01506727]","[-72.12427586 -77.3147775  -90.33304661 -61.86240652 -67.61973471
 -89.24049235 -84.05028566 -78.08905    -77.93246905 -88.9256448 ]",-809.410283371
0.0224240431178,0.164924727578,5.53382798119,[ 0.54344784  0.02214353  0.11913686],"[ 0.06330448  0.009344    0.04836477  0.0027693   0.01648646  0.1062589
  0.00027007  0.04226884  0.0269376   0.06939132]","[ 0.17612401  0.16560671  0.17198439  0.16485792  0.15975094  0.16595054
  0.15908928  0.17046009  0.16769355  0.1692467 ]","[ 5.80774934  6.49258582  4.51983108  5.1883079   5.3574985   6.20779253
  5.38146837  5.21001362  5.34634995  5.21005523]","[-71.6710255  -77.96288622 -93.08889124 -61.96794411 -67.41727437
 -88.04664545 -83.56243591 -80.38831076 -77.40403334 -89.8898496 ]",-816.754191528
0.0429651413619,0.133856864608,6.56455689938,[ 0.03601108  0.09295052  0.02334696],"[ 0.04191209  0.04283398  0.0438742   0.04129688  0.04227767  0.03838842
  0.04518638  0.04796692  0.04367738  0.04282076]","[ 0.14926185  0.12932272  0.12615205  0.13870706  0.12876166  0.112971
  0.13309569  0.12362818  0.10778011  0.12718308]","[ 6.40693873  6.24200704  6.65717642  6.5506924   6.86179315  6.67879628
  6.55084087  6.75047621  6.21375131  6.59506379]","[-71.45581862 -78.92978308 -91.50845523 -63.14968865 -67.66062091
 -88.96373006 -82.62646473 -79.8575268  -77.69989056 -92.45654129]",-821.092171793
0.0394303812598,0.141476804559,6.71466021039,[ 0.17216399  0.20008829  0.17607945],"[ 0.02769322  0.07469538  0.04060045  0.0197076   0.03970165  0.03511098
  0.02966486  0.02910822  0.0396676   0.04358052]","[ 0.10733718  0.17316789  0.14308806  0.12956803  0.09788559  0.13142239
  0.11706809  0.18524789  0.10959328  0.11475298]","[ 5.82927291  8.58901397  6.06420035  6.77923959  8.94749595  7.41422125
  8.06467261  7.55684916  8.34430261  5.64176057]","[-70.95618832 -79.64434096 -92.120844   -62.00265525 -67.49798116
 -88.25889254 -85.64422328 -77.82604997 -77.51041915 -89.53164047]",-811.636205558
0.0451185472271,0.142285083556,5.7325215425,[ 0.31107471  0.1202427   0.08474812],"[ 0.06525413  0.05782046  0.05193981  0.01149334  0.06963218  0.06777538
  0.08277416  0.02154982  0.09474404  0.1073627 ]","[ 0.1178703   0.15351802  0.15111075  0.11846294  0.1494971   0.1641847
  0.14532005  0.1770957   0.16823093  0.10029723]","[ 5.1692336   5.50598904  5.81000578  7.07264542  5.56233312  6.48947915
  6.61655772  5.95439602  5.52844296  6.06407854]","[-72.32118533 -79.09031507 -92.04090388 -61.56519453 -69.33572454
 -87.42317478 -82.06457111 -77.75200361 -78.02875832 -88.87524178]",-814.042430604
0.127400193325,0.135778697602,7.1086671779,[ 0.52589337  0.29487878  0.13949202],"[ 0.02179088  0.08798775  0.06787361  0.02332     0.107869    0.03064116
  0.0604014   0.0308846   0.12666049  0.0860851 ]","[ 0.18741561  0.15396196  0.09368528  0.13169589  0.14755094  0.24827965
  0.12862147  0.2173078   0.33252287  0.09679177]","[ 5.56176325  6.0185494   6.90606088  6.14183382  6.12851571  5.43899546
  6.96800057  7.08381076  7.1982903   6.53591757]","[-72.61771419 -79.49130685 -89.84423086 -62.54952618 -70.51445911
 -89.80301591 -82.57166039 -78.42625483 -80.0128802  -88.93258984]",-817.581344118
0.0234539161683,0.161135567629,4.70602706525,[ 0.25222719  0.19399165  0.07898677],"[ 0.02097776  0.03814034  0.04848301  0.01687752  0.01680949  0.02265816
  0.00685052  0.01037259  0.0395426   0.02610897]","[ 0.1555162   0.29007312  0.09884459  0.181855    0.14567598  0.173289
  0.216306    0.18742482  0.15701519  0.12584104]","[ 5.21254554  4.50828039  4.52901511  4.80212152  5.43036559  4.98766562
  4.57973946  5.02022725  4.65267475  4.71069595]","[-71.08030368 -77.80203275 -92.61748058 -63.19594619 -67.51638408
 -89.11910112 -82.04869612 -79.10256897 -78.23674447 -89.06577507]",-811.899692557
0.053579947071,0.155822043439,5.9261732911,[ 0.48506698  0.01607329  0.05877797],"[ 0.07259876  0.07729204  0.15609453  0.03386443  0.04957904  0.02782618
  0.0217627   0.0124379   0.04714207  0.10264227]","[ 0.15569833  0.16011257  0.15634032  0.15549954  0.15722272  0.15149672
  0.15271127  0.15822977  0.16144768  0.16053814]","[ 6.63345499  5.57842758  6.33912629  5.85183294  6.17118736  5.66557434
  5.80215048  5.72543681  6.00287514  6.0054204 ]","[-71.67571906 -79.43008255 -92.26409835 -63.02960701 -67.97709113
 -88.48304147 -82.80748561 -78.33868446 -77.28074175 -90.25939043]",-812.807009259
0.0161117029672,0.126482466266,6.53987977878,[ 0.64422432  0.01933293  0.05766182],"[ 0.02832113  0.07573101  0.04291803  0.01205644  0.00144759  0.07857087
  0.00642458  0.0053828   0.03162658  0.16533671]","[ 0.13034302  0.12742964  0.12742437  0.12875652  0.12483864  0.12874659
  0.12417345  0.13092533  0.12995199  0.12854733]","[ 6.89118995  6.32885543  5.94323605  6.80425846  6.43245101  7.08314247
  5.87312047  6.68729288  6.43832526  6.5388421 ]","[-71.50300118 -80.01859709 -90.99363628 -61.62203343 -67.17964887
 -87.94708311 -83.64224423 -77.95770925 -77.26237963 -90.15256466]",-811.856309942
0.0276996910338,0.166094580296,5.46920813173,[ 0.51078716  0.0329303   0.02306933],"[ 0.01794059  0.00123245  0.0238259   0.01512019  0.00429189  0.01210909
  0.04027813  0.00136739  0.08602595  0.12475295]","[ 0.16346832  0.16198455  0.16974472  0.16249951  0.15982323  0.15780946
  0.15681681  0.17082601  0.16915687  0.16903873]","[ 5.49655034  5.44587093  5.5269268   5.41131846  5.46082678  5.40063718
  5.26648181  5.37892943  5.23647642  5.38656867]","[-71.67988899 -77.61778256 -94.02368743 -62.37171619 -67.16344969
 -88.73181091 -81.61315824 -78.28849232 -78.17800422 -89.73012976]",-814.652843006
0.00648973255479,0.146057648222,5.36536757925,[ 0.62077536  0.17693056  0.05089164],"[ 0.01687063  0.00220773  0.00864726  0.00408659  0.00049802  0.00984074
  0.00834525  0.00284666  0.00115888  0.01531611]","[ 0.10858232  0.19107828  0.09160458  0.15583961  0.14886652  0.17507999
  0.14510959  0.21417693  0.17295301  0.09324203]","[ 5.65385189  5.63043215  5.09729681  5.14128771  5.32354233  5.73075986
  5.46672824  5.84204662  5.34423874  4.98078455]","[-71.16893439 -77.21549689 -90.65975465 -62.27950418 -67.18562162
 -88.91245663 -82.82154284 -77.69144402 -78.21168539 -89.48940132]",-807.853877472
0.0334869009216,0.129244299178,5.50297756088,[ 0.09715165  0.22132099  0.18966389],"[ 0.04259794  0.03562537  0.03166659  0.0213681   0.04296751  0.02969658
  0.02622454  0.03431589  0.0324592   0.03213909]","[ 0.09804679  0.14402532  0.12862295  0.09411011  0.13382363  0.18720525
  0.13178657  0.14840019  0.17654172  0.1748185 ]","[ 5.89379501  6.70330911  4.49584824  7.12598479  5.40869023  5.73993918
  5.12374385  5.99536536  5.18988798  4.32782847]","[-71.52511045 -77.98135993 -91.690225   -63.31440849 -68.91899126
 -88.45800141 -82.10688786 -79.02068719 -77.45360616 -89.36636656]",-808.615791737
0.017178686185,0.179064172212,5.17156277269,[ 0.38954255  0.04372703  0.26542053],"[ 0.03909993  0.00696951  0.03407907  0.01168683  0.04494269  0.02422553
  0.01044754  0.00222172  0.01101174  0.03742354]","[ 0.16601454  0.18614863  0.18784813  0.19070967  0.16090378  0.16185211
  0.16460467  0.17786685  0.1961107   0.17881474]","[ 5.12606028  6.10648691  6.81835026  5.39481461  6.22411157  6.0333678
  4.16761305  6.18754113  5.20674265  3.89270545]","[-71.11761877 -77.6349618  -97.97439547 -62.3116438  -67.8798814
 -88.31753101 -81.80141642 -77.18549222 -78.26884977 -89.1082085 ]",-813.466394036
0.0417396219663,0.116652515538,7.57305810722,[ 0.32291259  0.17194726  0.01903741],"[ 0.05618802  0.02704537  0.10754368  0.03163125  0.02225028  0.04684522
  0.08292041  0.02179538  0.05392387  0.06379847]","[ 0.13913839  0.1188782   0.13867568  0.13619516  0.12083548  0.11523838
  0.11819602  0.15294851  0.11980406  0.10082436]","[ 7.50558995  7.91310993  7.60983364  7.65556963  7.34469269  7.74142361
  7.52966371  7.58841015  7.80433154  7.35529293]","[-71.91473086 -78.85860424 -91.29088572 -62.96137341 -67.30216762
 -88.3755264  -82.54738403 -77.28582887 -77.06767594 -90.68649885]",-811.107702994
0.0391625503694,0.153699877746,5.84593948352,[ 0.3452606   0.00985673  0.0996643 ],"[ 0.08806087  0.02033075  0.06923939  0.0427005   0.01339817  0.04675218
  0.02573751  0.0261844   0.04782883  0.05810364]","[ 0.15480882  0.15107801  0.15392233  0.15459361  0.15153881  0.15360837
  0.15043494  0.15532147  0.15602828  0.15593567]","[ 6.44821017  6.30576743  5.21746564  5.61830258  5.89313754  6.49385394
  5.15831865  7.15963726  6.22898469  5.6066826 ]","[-71.69342859 -77.75592226 -91.94811195 -63.75925504 -67.21914146
 -87.75324944 -81.77599192 -77.2783083  -77.26105871 -90.58428023]",-810.036689525
0.0489810534471,0.144904143351,6.53555643494,[ 0.2121585   0.05755475  0.12261358],"[ 0.07520917  0.0443564   0.04387297  0.05043156  0.04053472  0.10699112
  0.03611283  0.05805688  0.09594721  0.09737672]","[ 0.16435409  0.16029814  0.14447456  0.14490562  0.14761945  0.1444814
  0.13149023  0.15165996  0.16888304  0.15352259]","[ 6.7376973   6.82706167  5.6814232   5.66441673  5.69582758  8.5421145
  5.45904314  6.80861035  6.4354478   6.5171299 ]","[-72.08880969 -77.8726289  -91.74689219 -64.38384039 -67.99382253
 -86.40835915 -82.03054949 -78.36095426 -77.43323348 -90.95123681]",-814.806597814
0.0185966980976,0.161563202977,5.78167704739,[ 0.59642922  0.13527479  0.16293538],"[ 0.01011314  0.003153    0.11698385  0.00023477  0.0034619   0.04744907
  0.04358844  0.00293708  0.03767754  0.14789696]","[ 0.12877518  0.15984782  0.18154948  0.14689519  0.14531433  0.15489433
  0.14740295  0.17993816  0.15321222  0.12756208]","[ 4.96982562  7.1744654   4.48626378  5.75911623  4.99689187  6.21709918
  5.65889371  5.19421715  5.09556468  5.90686603]","[-71.23304393 -79.52244682 -94.55606013 -61.39712579 -67.72120691
 -87.88257848 -81.84102813 -78.54006313 -77.54499731 -89.6697666 ]",-811.428333624
0.0168766251041,0.133082835555,5.90409511344,[ 0.5825972   0.19995357  0.11296126],"[ 0.0230114   0.03370042  0.01601957  0.00663909  0.00699909  0.11663426
  0.15674291  0.00296734  0.01468764  0.08008281]","[ 0.1430102   0.22044492  0.08289791  0.11200537  0.16147541  0.15008535
  0.17385887  0.17329335  0.13023696  0.13184498]","[ 6.51259726  5.69440419  5.00517298  6.32234849  5.78508909  6.41940751
  5.87402076  4.94654583  5.63749985  5.49872494]","[-72.02122891 -77.1859645  -91.49320622 -62.19278812 -67.2803899
 -88.44887752 -82.95348535 -79.51344488 -77.42556093 -89.11886143]",-808.386969669
0.0042915637702,0.16773264156,5.23720123451,[ 0.76615985  0.20920064  0.10124155],"[  3.75857741e-03   9.99232885e-04   3.24965221e-02   4.47932463e-03
   1.65394980e-05   2.81939471e-02   6.99379261e-02   4.35221871e-04
   8.69038796e-03   2.68225621e-02]","[ 0.14417044  0.27310114  0.09216111  0.25185321  0.14286151  0.14611333
  0.17554259  0.18157169  0.10735195  0.0892692 ]","[ 4.79752928  5.0753667   5.99998966  4.86609777  5.25489819  5.79711254
  4.77865163  5.32344539  4.93996835  5.58792342]","[-71.23604623 -77.02238946 -90.05093125 -62.99237297 -67.32653363
 -88.4503042  -81.67482131 -78.11713276 -79.43766829 -89.47800181]",-809.7259434
0.0480191654396,0.102012969797,7.17084077109,[ 0.09236587  0.13779445  0.02694961],"[ 0.04757485  0.05077223  0.04667228  0.04651127  0.05586397  0.06240857
  0.05716741  0.03567948  0.04163623  0.05043103]","[ 0.08905732  0.12991933  0.08854869  0.10450949  0.13532617  0.15253124
  0.11853326  0.15588623  0.14030725  0.06755818]","[ 7.32978707  7.52122353  6.8324986   7.27091893  6.91628813  7.12816875
  7.04301955  7.17939393  7.5490465   6.87464048]","[-70.47233869 -78.53291067 -89.82400591 -63.85403967 -68.0452214
 -87.27093667 -82.67036361 -77.40244789 -77.97954216 -89.13906911]",-815.833758249
0.0430151696027,0.15298913193,6.30204346824,[ 0.43682577  0.01172638  0.10779392],"[ 0.05776503  0.10450961  0.03166306  0.02150279  0.02013684  0.01802413
  0.1375588   0.03807406  0.0776088   0.10010323]","[ 0.1486334   0.15570202  0.15275165  0.15106118  0.15417     0.15347159
  0.15235498  0.15327838  0.15140705  0.1509702 ]","[ 6.62147844  5.93775578  5.96488419  6.1802755   6.3982486   5.86872033
  7.38699023  7.06539012  6.37370681  6.41059659]","[-71.42342537 -80.2218262  -93.09023778 -62.26285489 -67.52712322
 -88.44725039 -82.55185943 -77.53940745 -77.17176056 -90.61361038]",-810.248598482
0.0550176567362,0.111658859786,6.71982762316,[ 0.24317402  0.14832965  0.13362874],"[ 0.07270168  0.04181766  0.05921546  0.02437038  0.07118824  0.04624505
  0.01980289  0.06578889  0.03264454  0.07959869]","[ 0.09545486  0.10690019  0.10223509  0.13302669  0.11183916  0.14257992
  0.10623522  0.15042826  0.10991211  0.10099273]","[ 6.07164428  6.90326398  7.49104706  6.31265785  6.46210824  6.77408652
  5.11782514  7.14314845  6.39838697  5.1626304 ]","[-72.28141157 -79.95416186 -90.22603094 -62.42752546 -69.66123334
 -87.80178459 -83.5790126  -78.2828429  -77.41625418 -88.86840073]",-810.910604203
0.0114370066596,0.145414567527,5.1889146284,[ 0.02174981  0.04466792  0.02302053],"[ 0.0112452   0.01215983  0.01086117  0.01215267  0.01128907  0.01061893
  0.01187526  0.01192664  0.01082092  0.01094705]","[ 0.14833512  0.1593228   0.1210476   0.15277245  0.15882082  0.16049153
  0.15622839  0.15452825  0.14464245  0.14117251]","[ 5.28051481  5.04050583  5.24717823  5.22463631  5.27908149  5.13768113
  5.32078883  5.52495706  5.21097615  5.16698115]","[-71.2532091  -78.24197252 -90.83315507 -62.66003983 -67.35436726
 -88.98213924 -82.45099118 -78.97056173 -77.41931698 -91.54376627]",-821.757145399
0.0311678114009,0.184401608994,5.33416251734,[ 0.00149162  0.16146349  0.00888559],"[ 0.03098138  0.03112181  0.03112609  0.03092541  0.03111487  0.03114124
  0.03118698  0.0311525   0.03132909  0.0311874 ]","[ 0.16224488  0.20251191  0.11141201  0.20620377  0.16978794  0.1343988
  0.13962636  0.15609496  0.11207664  0.14838146]","[ 5.3101766   5.34692782  5.41378125  5.31086009  5.4601227   5.36272575
  5.33340985  5.35173649  5.2442353   5.30740649]","[-71.12629574 -77.22695656 -90.43153884 -63.36957716 -67.70539642
 -89.51010424 -81.89548282 -80.17992527 -78.78324856 -90.84500318]",-827.281086454
0.0499822026742,0.153285807646,6.75597981423,[ 0.06588762  0.1357253   0.17594587],"[ 0.04789356  0.04771137  0.0588166   0.03991076  0.04780902  0.04734528
  0.05170199  0.05019289  0.04596351  0.04019357]","[ 0.14665147  0.15685892  0.10997145  0.1412739   0.14643891  0.18253277
  0.16132846  0.18661292  0.14873927  0.13621418]","[ 6.37062121  6.41415042  7.61950204  7.3468293   7.5183022   5.94408201
  5.73240767  7.41122233  6.28880183  5.55931626]","[-71.2129445  -77.90035667 -90.76462942 -63.23891397 -68.31879207
 -87.96238765 -81.82224274 -77.71505207 -77.19507684 -90.44229175]",-804.940910615
0.0358970968475,0.147461185073,6.61923643567,[ 0.09461615  0.08692095  0.01440749],"[ 0.03115095  0.02473976  0.04080092  0.04045607  0.02395464  0.03245036
  0.03481826  0.04226836  0.02722878  0.03166515]","[ 0.16237486  0.15181776  0.09579389  0.16438232  0.1364528   0.1331702
  0.13041581  0.16151156  0.15578193  0.14410703]","[ 6.50328548  6.76087801  6.62091827  6.50300106  6.72945259  6.70192737
  6.50208585  6.68284169  6.52405657  6.505525  ]","[-72.70808294 -77.8776669  -89.97331045 -63.37759288 -67.36377439
 -88.21508173 -82.94618044 -77.76182702 -78.16667306 -94.6669315 ]",-823.390465645
0.0257729273356,0.133894166882,6.16022985802,[ 0.38972462  0.00298562  0.02296331],"[ 0.01855943  0.07050935  0.03033196  0.0098249   0.02485168  0.03090088
  0.05427506  0.05079327  0.00357666  0.03724123]","[ 0.13288279  0.13449916  0.13300916  0.13344343  0.13388081  0.13398355
  0.13436633  0.13396475  0.13365272  0.13341538]","[ 5.97798116  6.02391224  6.2901648   6.07269078  6.02367574  6.47307992
  6.12032613  6.12774801  6.15391674  6.10959675]","[-71.13511294 -79.78027413 -92.14102357 -61.82688196 -67.44617373
 -88.27343601 -82.03909624 -80.40835632 -78.26380199 -91.96317399]",-820.219960106
0.0635107879443,0.152719285177,6.48331295719,[ 0.25664235  0.00157089  0.02733026],"[ 0.07512386  0.03708568  0.07905042  0.04197244  0.0453049   0.03844754
  0.08461372  0.05322482  0.0872659   0.07023374]","[ 0.15280582  0.15350412  0.15238196  0.15298379  0.15260542  0.15263907
  0.15280141  0.15250523  0.15322028  0.15349847]","[ 6.58684975  6.70436906  6.81703982  6.11876731  6.52022163  6.85027013
  6.27091272  6.44632993  6.56886548  6.51695352]","[-71.55573431 -77.83390065 -92.14691762 -63.31616214 -67.85916636
 -87.91581186 -81.88195594 -78.67145115 -77.21603287 -92.0361984 ]",-821.525645565
0.0173136069601,0.184185413413,5.1800317041,[ 0.76840742  0.1641958   0.02733095],"[ 0.00095229  0.00034889  0.00998403  0.01325976  0.00775263  0.00044438
  0.04182295  0.00987262  0.00470713  0.03548554]","[ 0.16361444  0.24279629  0.14109109  0.20792547  0.2453945   0.144315
  0.13769452  0.21974463  0.15822782  0.14322981]","[ 5.10987444  5.14378471  4.95231997  5.21458727  5.219785    5.29669806
  5.21554612  5.03661552  5.16039879  5.17641936]","[-72.01160007 -76.85767185 -91.70540912 -62.630805   -68.5872514
 -89.01892392 -81.87365313 -78.66209303 -77.53746495 -90.06001206]",-809.45877416
0.0130488721693,0.123503863469,5.73078178188,[ 0.44121807  0.00496023  0.15516363],"[ 0.06883371  0.03047539  0.03708247  0.02458453  0.00278776  0.00065473
  0.01093265  0.00329195  0.00879634  0.01900159]","[ 0.12268828  0.12317136  0.12277279  0.12366866  0.1245911   0.12420889
  0.1230629   0.1230646   0.12408984  0.12176337]","[ 6.86850801  7.51917671  5.31629306  5.85706358  6.00784534  5.98721263
  5.91804982  6.79272462  6.17347495  4.93483353]","[-70.75715535 -78.59784328 -90.7564564  -63.37898085 -67.19824743
 -89.01160223 -83.36851216 -78.32451999 -77.79052154 -89.55587197]",-814.499153061
0.016840732812,0.129391841696,5.26535316242,[ 1.04508412  0.11644034  0.01710061],"[  1.45855044e-02   8.58520160e-03   2.37658720e-03   2.40008415e-02
   7.38878729e-03   4.41500552e-02   1.52103131e-02   8.55291317e-03
   2.31732821e-06   1.42601347e-01]","[ 0.14128066  0.11792283  0.10252294  0.14316677  0.15181177  0.1404692
  0.1271316   0.15584342  0.13007088  0.12578243]","[ 5.34114585  5.38307025  5.33147731  5.28173372  5.28449446  5.18638022
  5.16583798  5.35649847  5.28076298  5.17498958]","[-71.05326206 -80.42223275 -90.34822177 -63.57532569 -67.32129521
 -89.87283804 -82.39587026 -79.24363339 -77.6511257  -89.78265168]",-811.03665767
0.00257977266038,0.164554313512,5.25207755388,[ 1.05394109  0.12289038  0.14327966],"[  1.36132572e-02   7.91266464e-05   2.02077413e-04   3.23695588e-06
   1.01376800e-04   2.97056257e-04   8.92885232e-02   7.97121097e-05
   3.09207622e-05   2.37752346e-04]","[ 0.14923604  0.17612384  0.11790266  0.19891105  0.16774744  0.15821903
  0.16576433  0.13473571  0.17479466  0.14120147]","[ 5.12074085  6.02382723  5.30506428  5.68656566  5.06451349  5.07440986
  5.7746375   6.24814811  4.89996974  4.23191503]","[-71.09379557 -77.7751787  -90.90371403 -62.20778519 -67.23890465
 -89.08967687 -81.71291671 -78.18732132 -77.69474131 -89.32890689]",-805.422715091
0.0275986013164,0.148537501249,5.52666026121,[ 1.60305874  0.05617019  0.07733592],"[  2.75415039e-05   1.02449991e-02   4.51880445e-02   5.48881434e-04
   1.19297265e-04   3.36383805e-02   8.65879416e-02   1.12257027e-02
   7.12283346e-02   1.54096400e-05]","[ 0.1409158   0.15358444  0.13120868  0.15678053  0.14973543  0.14690531
  0.16021411  0.15206673  0.14731831  0.14130619]","[ 5.72172121  5.45916196  5.87813533  5.31397142  5.88656087  5.64990156
  5.64387065  6.22647804  5.18682138  4.47312944]","[-72.6359635  -77.9242857  -91.11552282 -61.77827737 -67.19809662
 -88.59636512 -81.71560596 -77.6894378  -78.24930699 -89.92076862]",-806.675485813
0.508513303516,0.150712151043,5.58534243708,[ 4.54239902  0.03698043  0.43046509],"[  3.99726047e-15   3.89846637e-12   5.30109330e-02   1.30663460e-05
   1.79395897e-03   2.00288196e-01   5.34983100e-03   3.45530182e-02
   7.02984011e-03   3.08697653e-04]","[ 0.16030316  0.14814874  0.14625478  0.16886083  0.1413967   0.15198177
  0.15189842  0.14242095  0.13574368  0.14792168]","[ 4.74293901  5.66542101  5.37890172  5.81754915  6.13137188  8.80015124
  4.63409967  6.5757189   6.02363167  3.98720206]","[-71.42740335 -78.05619037 -91.61125456 -61.51117281 -67.19862415
 -87.64753403 -81.8753059  -78.30501046 -77.92151891 -89.0587138 ]",-800.021298923
0.0179101349082,0.160254358658,5.66432966304,[ 0.5158931   0.10557675  0.01689912],"[ 0.04965684  0.01535916  0.02709272  0.00261923  0.04423847  0.04274044
  0.01702143  0.0052729   0.0061734   0.09197046]","[ 0.17970893  0.18697573  0.1264249   0.14643881  0.14343035  0.1752457
  0.17881852  0.17083999  0.14781858  0.14140244]","[ 5.53118523  5.58957318  5.65167223  5.5964417   5.69529291  5.71467444
  5.72135727  5.72752987  5.64029982  5.56159808]","[-71.58130807 -77.14261069 -91.05870929 -61.69242647 -68.21142159
 -88.17755904 -83.66247518 -77.73208325 -77.7551578  -89.32126206]",-807.003307095
0.0096890367264,0.167862729458,5.08126360147,[ 1.19266184  0.13508869  0.02163582],"[ 0.00053376  0.00022752  0.05499784  0.00028211  0.02444045  0.00032695
  0.00016644  0.00294662  0.0953642   0.02650305]","[ 0.13240416  0.16354691  0.13786461  0.13362083  0.1716426   0.16195041
  0.13392618  0.1946079   0.20041063  0.15401454]","[ 4.98718881  5.10285255  5.06680559  5.10787644  5.14107664  5.10816108
  5.01673892  4.99931773  5.09712235  4.97867715]","[-71.39695283 -77.78338273 -91.42598729 -63.06840048 -67.75076326
 -89.04009932 -82.60900374 -78.74311346 -78.47408849 -90.40205027]",-808.197595894
0.0483011337629,0.149716414501,5.59865961916,[ 0.12483299  0.26654597  0.00908729],"[ 0.03652105  0.03022639  0.029111    0.03853234  0.04234852  0.07259315
  0.0377264   0.02542231  0.07064417  0.06796083]","[ 0.11123621  0.215022    0.12108923  0.16290327  0.13066774  0.18625517
  0.16217854  0.1370548   0.28228823  0.08922711]","[ 5.50140071  5.60714153  5.57286661  5.52182917  5.59783618  5.65215498
  5.58421969  5.65814621  5.58449892  5.59423503]","[-71.25923115 -77.1226111  -90.72870113 -63.52018335 -68.68041428
 -88.19660768 -81.96020765 -80.35254823 -79.11308321 -88.78730659]",-819.77374695
0.0303801762423,0.157836172782,4.96222711148,[ 0.90075916  0.0657377   0.27182127],"[ 0.00637887  0.00127614  0.03534571  0.00132425  0.00324249  0.1091267
  0.08631151  0.01778167  0.02810895  0.05190798]","[ 0.17953327  0.19447303  0.14595983  0.1707432   0.16218598  0.17987271
  0.17295641  0.15205652  0.15795978  0.15426907]","[ 4.2553285   4.47236586  5.25867222  6.00179795  5.49535631  6.89938702
  5.92702666  7.52492789  4.58690144  4.44101638]","[-71.39081706 -77.80824347 -91.74359796 -61.69402072 -67.17445535
 -86.85095815 -81.75246856 -77.26515876 -78.08912546 -88.92773369]",-801.146818745
0.0460912396323,0.134922650276,5.89616922905,[ 1.52759393  0.08975273  0.0719699 ],"[  4.73735344e-03   2.20340094e-02   9.90594253e-02   1.81093972e-04
   5.40588257e-05   5.79883646e-03   8.35592257e-02   3.29885596e-08
   3.78213790e-06   9.86843208e-02]","[ 0.13089237  0.15215649  0.15221125  0.14041759  0.1401379   0.13460637
  0.15501015  0.14303193  0.1184901   0.1701911 ]","[ 5.34148052  5.7655954   6.05756382  6.26809886  6.24426812  5.72259848
  5.59797541  5.96680455  5.73465986  5.2256644 ]","[-71.34226858 -77.87474192 -91.66644953 -61.16976097 -67.29735067
 -88.83921949 -81.74182191 -78.18007108 -77.86793149 -89.58244668]",-806.617378524
0.0256235611508,0.150337987947,5.70141109443,[ 0.15028485  0.10048511  0.04329246],"[ 0.03609785  0.02836034  0.01703318  0.00921842  0.02249691  0.02522661
  0.03822985  0.01698407  0.02234198  0.02501235]","[ 0.15382225  0.17839841  0.12129572  0.16575047  0.14684302  0.15178386
  0.17492768  0.15166242  0.13237892  0.10107783]","[ 5.98247646  5.72551002  5.75088426  5.99003992  5.66062732  5.57209834
  5.42958962  5.76213898  5.35717546  5.98032866]","[-71.32109416 -77.35430352 -91.10155741 -61.88517226 -67.46125793
 -88.57778595 -81.89067093 -78.72166048 -77.500268   -90.52415788]",-813.074141107
0.0506048843338,0.174898432564,5.75014019657,[ 0.21185276  0.01852988  0.27357043],"[ 0.02175652  0.03109859  0.0190884   0.01590694  0.07020625  0.089643
  0.06216433  0.04479236  0.07855875  0.04762777]","[ 0.1760641   0.18360572  0.17530919  0.16383595  0.17489733  0.18076828
  0.18050994  0.1722752   0.17431305  0.16994429]","[ 4.58145275  5.38153912  4.90524377  5.94380561  7.60034303  5.50485484
  5.48262972  6.13298506  6.40413327  4.42078133]","[-71.2520277  -77.48376051 -93.57777741 -62.13924403 -69.36513941
 -88.76600175 -81.61382408 -78.26837943 -77.37090925 -89.17119179]",-816.517051716
0.0111751605083,0.140120301174,7.50019512243,[ 0.71365617  0.07405355  0.21144638],"[ 0.00885587  0.00818724  0.02356124  0.00757105  0.0001223   0.01618975
  0.04335048  0.01196703  0.04804261  0.07350775]","[ 0.11125275  0.12865289  0.12251403  0.14686995  0.15176593  0.13711894
  0.11867151  0.14610739  0.13689877  0.15165976]","[ 7.33659709  7.02954834  5.18414836  7.97727399  4.58076447  6.08250803
  6.07400468  6.30887384  6.2675882   6.4149384 ]","[-72.65000401 -78.81520742 -90.79148178 -63.47807366 -68.31687925
 -88.53556666 -82.40546749 -77.82935025 -77.07876205 -91.54330378]",-814.9543211
0.0451395555041,0.133410129722,6.26217798135,[ 0.25343904  0.03023214  0.09377751],"[ 0.05970252  0.04518042  0.0695563   0.02162436  0.01242699  0.08251087
  0.05785848  0.04087923  0.0779997   0.03898108]","[ 0.13191659  0.14513606  0.12616729  0.13755312  0.13439975  0.13139768
  0.13444751  0.13931533  0.14237601  0.14480172]","[ 6.70499773  7.25400391  6.88769332  5.81507963  6.1253557   7.09147078
  5.27417973  6.13764126  7.09551913  6.3177095 ]","[-70.86616465 -78.15982084 -90.952303   -62.68040931 -67.14951193
 -87.84056583 -82.04541453 -79.54003736 -77.02626218 -93.24144293]",-816.687622212
0.0176113246443,0.144320554207,5.61093211658,[ 0.04517063  0.22693884  0.08516975],"[ 0.02203167  0.01572749  0.01999074  0.01481327  0.01447255  0.01856644
  0.02091788  0.01847268  0.01775711  0.01882724]","[ 0.13471555  0.20066224  0.10268169  0.15720843  0.18257357  0.19063298
  0.16255319  0.15323599  0.15891704  0.10214703]","[ 5.83954905  5.94733045  6.02560757  5.76160742  6.01596049  5.63967477
  5.64079674  6.25153847  5.55014588  5.11274188]","[-70.95636267 -77.32881719 -90.30862833 -62.09339993 -67.94603179
 -88.8711546  -82.72567226 -77.81536689 -77.52433058 -89.45811899]",-808.28147879
0.0217198561572,0.152079848258,6.1813298222,[ 0.269872    0.11196433  0.04365439],"[ 0.02590496  0.00953992  0.03045039  0.02157764  0.03103903  0.0228689
  0.03757028  0.01154249  0.01680671  0.01752754]","[ 0.1310492   0.12738139  0.14615033  0.14321949  0.1479291   0.16948942
  0.13341669  0.16786053  0.12138435  0.106601  ]","[ 5.9478471   5.93494419  5.71478515  6.85740249  6.05428655  5.77009579
  6.41162278  6.37259217  6.03441329  6.04287768]","[-70.82043079 -78.8785718  -92.26977835 -62.27001381 -67.50089167
 -88.4293903  -82.73946214 -77.25197354 -77.47272104 -91.72055985]",-813.99195481
0.037673623363,0.156506753815,6.10549911196,[ 0.19445052  0.15709563  0.16947011],"[ 0.02168274  0.02682114  0.04364461  0.03154862  0.03778084  0.14933105
  0.04632745  0.03861703  0.05002824  0.04006655]","[ 0.13202312  0.16966398  0.12881345  0.17376761  0.16097729  0.1458592
  0.16578562  0.18601753  0.13899134  0.14213948]","[ 6.76116834  5.17856649  6.0641163   5.69825586  4.94573853  8.80437469
  4.50870001  7.15620283  6.75748753  5.33535866]","[-71.81744253 -77.97702916 -91.13104169 -63.00281714 -68.70828416
 -86.54951319 -81.74569851 -77.58115052 -77.13655027 -90.1795535 ]",-811.279842799
0.0366755608605,0.143841239379,6.01242979062,[ 0.54553906  0.18318724  0.25753597],"[ 0.00248061  0.03471058  0.04956245  0.02109242  0.01441095  0.11222162
  0.06633227  0.02932631  0.01447831  0.05083459]","[ 0.13791035  0.21754186  0.13558245  0.09987612  0.17216489  0.2672071
  0.15920704  0.11615694  0.1829524   0.13874198]","[ 4.80723762  5.83639672  5.09689528  6.74467214  5.9164344   8.99593021
  5.23823675  9.58003614  5.60116559  4.64487222]","[-71.30097063 -77.26026577 -91.29749368 -63.34266958 -67.56852361
 -86.57458083 -81.59706843 -78.25975248 -78.35973597 -88.84035496]",-804.948445417
0.0217134889258,0.178683959723,5.51238113934,[ 0.72816964  0.11580129  0.01401559],"[ 0.03261719  0.03460695  0.01412278  0.04043556  0.00211914  0.01724329
  0.03322631  0.00838505  0.00018901  0.06171833]","[ 0.17059637  0.17156412  0.14447117  0.18622552  0.19071466  0.1950601
  0.17179286  0.23683864  0.17684289  0.18665282]","[ 5.55900334  5.58475665  5.53527309  5.50087362  5.52373014  5.44324172
  5.42312461  5.66706875  5.58851579  5.4351864 ]","[-71.54404405 -77.66610353 -92.54255006 -63.58872179 -67.73275295
 -88.97551487 -81.97898298 -78.18925069 -78.99116548 -91.12773117]",-813.599006484
0.0674346768859,0.153979568689,5.62695230737,[ 1.86996514  0.05388579  0.66472145],"[  5.90678122e-02   7.45602096e-02   1.29720453e-01   3.82385817e-03
   4.67317535e-03   9.71790390e-02   5.43628434e-02   3.52441191e-06
   9.84511672e-02   6.08432643e-04]","[ 0.15168985  0.14263182  0.1372842   0.17923078  0.15432442  0.13645373
  0.15557561  0.15777009  0.13167807  0.15189622]","[ 6.52504991  7.32121724  9.45539274  5.3818972   5.7392892   9.92643768
  5.69102231  5.84517024  7.3823673   3.90361445]","[-71.4523525  -78.6991717  -91.68839284 -61.83401173 -67.16259361
 -86.43221744 -81.72762956 -77.74338747 -77.11226964 -89.01744122]",-797.715985753
0.0292852782721,0.169735300342,5.88697113419,[ 0.35435994  0.00079742  0.2310345 ],"[ 0.01342775  0.00751214  0.07436263  0.00650486  0.03166605  0.10471289
  0.03551327  0.00460706  0.03093993  0.10711169]","[ 0.1699014   0.16980175  0.16987659  0.1697028   0.16952156  0.16960104
  0.16981882  0.16982619  0.16961735  0.17008553]","[ 3.78444311  4.1272073   5.63759618  6.7894011   5.66189436  5.67974071
  5.14290694  7.49894677  5.23863666  5.24325822]","[-72.54433754 -80.20474438 -92.56713938 -62.77995654 -67.64763376
 -88.95443013 -81.58852658 -77.7926104  -77.39143352 -89.58577108]",-821.037948816
0.024395752381,0.152320156075,4.24743548797,[ 1.27394911  0.14924731  0.31940187],"[  1.01846851e-02   1.11629264e-02   1.18590457e-01   1.10208714e-03
   3.01333276e-06   4.21500778e-02   7.64654299e-02   5.34466093e-02
   7.43699770e-03   2.40157648e-02]","[ 0.21646874  0.2344092   0.14080205  0.21928478  0.11284672  0.18878129
  0.17304663  0.16503958  0.14015048  0.11197742]","[ 3.93266448  5.16036693  6.35308793  5.63022219  6.9160385   5.7195404
  5.88005917  6.05784364  5.61433521  4.40762614]","[-71.83521056 -76.84736021 -91.32410612 -62.84266313 -67.38177411
 -88.22038948 -81.75383959 -78.88827988 -77.56909833 -88.95379056]",-806.270814894
0.0248350053185,0.188647216801,5.62890258932,[ 1.07888459  0.26828842  0.21568905],"[  1.29976714e-03   3.23775820e-03   6.61072985e-02   2.98010400e-05
   3.24888926e-02   1.21486652e-02   2.24385497e-01   4.17831459e-02
   1.23265255e-02   2.74393237e-03]","[ 0.16104539  0.16500158  0.09320965  0.12053317  0.16027665  0.16838015
  0.27123268  0.15479176  0.21391112  0.1858534 ]","[ 3.915159    5.55112592  5.97279005  6.00712085  6.62687138  5.2828414
  6.8717124   7.55407938  4.3768999   4.67758599]","[-72.06371674 -77.50683897 -90.42588382 -61.8109178  -67.88683936
 -88.80578293 -84.29579278 -77.41384905 -78.0834565  -92.29285985]",-807.735412726
0.0143500832726,0.15186399337,5.01347256543,[ 0.91133664  0.31511773  0.05454975],"[  6.72314397e-02   2.02192772e-02   5.97256653e-04   7.41950102e-04
   2.71476115e-04   3.80432508e-02   1.07200267e-01   3.53594389e-03
   3.38866161e-05   4.42942131e-02]","[ 0.12142042  0.1950556   0.08858908  0.12053578  0.1363596   0.20056102
  0.21247688  0.26307169  0.13536454  0.18492522]","[ 5.15751604  5.23639296  5.42861116  5.36680934  5.24137113  4.70008588
  4.8653405   5.33602178  4.80356541  4.86772974]","[-72.2324818  -77.17658438 -90.36592031 -63.28439909 -67.51781267
 -89.66356242 -82.01343923 -78.73328219 -77.87415873 -90.37442651]",-809.468518446
0.0556675217953,0.126573234081,6.08015523268,[ 0.41700902  0.08067622  0.02930789],"[ 0.05929038  0.02718803  0.01508621  0.00568612  0.06197177  0.03476727
  0.05129592  0.00519428  0.13789768  0.10526507]","[ 0.12230856  0.13369182  0.08387427  0.14332232  0.1278269   0.13491513
  0.12484672  0.15751685  0.10549789  0.11784533]","[ 6.4063022   6.25500768  5.77027755  5.92704504  6.22850987  5.99024084
  6.02064581  6.16076958  5.98619948  6.32064075]","[-70.63868627 -78.38384477 -90.31262975 -61.5832334  -68.77580498
 -88.55327962 -82.15762536 -77.45616603 -81.51024769 -89.30562063]",-819.991990815
0.00212215216457,0.185084113098,5.21144458199,[ 7.46241878  0.31155752  0.14556543],"[  3.78261860e-007   9.70300727e-004   2.35295868e-003   1.41154170e-006
   5.09224722e-161   4.67172227e-010   1.60793643e-001   1.06704868e-026
   5.40724709e-047   1.46357185e-003]","[ 0.14178625  0.19951946  0.08278406  0.16507502  0.11795291  0.24163278
  0.32949748  0.1942269   0.2024288   0.12982519]","[ 4.64940057  5.34050456  5.95831852  5.46413129  5.81164205  4.58906408
  5.35917246  6.99290599  4.98183378  3.85825912]","[-71.35904839 -76.98837083 -90.33011907 -61.53912766 -67.52094681
 -90.60650228 -83.06000999 -78.16568544 -78.52251053 -89.0288323 ]",-807.137535121
0.015999311456,0.155688684114,5.99502441134,[ 0.79315215  0.04756453  0.12685528],"[ 0.0196771   0.07270766  0.09766971  0.00712953  0.02531781  0.0572429
  0.00047188  0.00305826  0.03802713  0.01755168]","[ 0.1514792   0.16447151  0.14872316  0.17287856  0.16525939  0.15114899
  0.15324398  0.15340182  0.14825675  0.15163093]","[ 5.69023353  7.03653953  6.60908234  6.55458947  6.25945376  8.05286795
  5.02022466  6.2026157   6.76087501  4.31461312]","[-71.42154552 -78.33569749 -91.54378956 -62.57272296 -67.68948054
 -87.38878457 -82.494153   -77.47029388 -77.67407481 -89.18358023]",-809.624227055
0.0199260964495,0.124916545591,6.08237898517,[ 0.62760672  0.10334582  0.26457376],"[ 0.03777778  0.00701023  0.02046345  0.01258692  0.03175918  0.05229109
  0.09425258  0.08822551  0.06179875  0.04748784]","[ 0.13690022  0.13949656  0.09908732  0.15196168  0.13762246  0.15669347
  0.13022385  0.15418167  0.14476759  0.09551153]","[ 6.59228051  6.21143439  7.28811575  5.98796523  5.91796959  6.56245169
  7.40451428  8.04892024  5.33039245  5.95521964]","[-71.17887175 -78.21822622 -91.4014592  -61.87875803 -67.66609323
 -87.6111481  -82.40172568 -78.20996052 -77.82924969 -89.14892177]",-803.266003236
0.0683305518558,0.120587032201,7.1036989249,[ 0.51650989  0.19530693  0.32371025],"[ 0.03893942  0.0492125   0.04014675  0.01757935  0.03221595  0.12332227
  0.00481221  0.08695315  0.08460153  0.04519249]","[ 0.13605493  0.14553547  0.09189296  0.08627384  0.07638802  0.14151541
  0.15622897  0.12258736  0.12316735  0.105065  ]","[  5.91665009   6.30771827   6.31845233  10.92610737  10.42465214
  10.67369291   5.43056833   8.3284442   12.57337231   5.66474747]","[-70.73236936 -78.27551572 -89.94534177 -62.1205891  -67.28570906
 -85.77480351 -83.18853858 -79.28153848 -78.42272724 -89.19037223]",-802.648190689
0.0413168132417,0.129207044945,5.83951284736,[ 0.15560103  0.12695615  0.24171453],"[ 0.04278649  0.03394283  0.04024003  0.03538489  0.04461656  0.05874982
  0.07068335  0.02332198  0.03420028  0.06804007]","[ 0.10778728  0.14972149  0.10339283  0.15240655  0.13751147  0.14958126
  0.14669564  0.15202668  0.14490179  0.10993955]","[ 7.30227789  6.45564018  6.30423088  6.46514035  6.0543768   7.98338178
  7.09984132  6.70240249  5.44229193  5.91890833]","[-70.38749975 -77.84350409 -90.13421492 -62.93147471 -67.99730943
 -87.3256685  -82.71238224 -77.49685046 -77.30667412 -89.06708433]",-802.161068904
0.0137238223624,0.159709189358,5.03323343063,[ 0.548904    0.08272183  0.13059837],"[ 0.00049163  0.01218891  0.04228052  0.01649313  0.00898467  0.00524553
  0.00078384  0.01961614  0.04717102  0.00159695]","[ 0.16069865  0.18729359  0.16834582  0.17094636  0.19180627  0.15865183
  0.15436755  0.20573513  0.16135554  0.16457142]","[ 4.33031951  5.99116269  5.18401994  5.07849186  4.60945266  5.93805301
  4.75709139  5.62124112  4.20259935  3.95675019]","[-71.3694532  -77.38033598 -92.82473118 -62.80803695 -67.85143038
 -88.88907005 -82.06329758 -77.99061504 -79.66473159 -89.21478482]",-814.889308621
0.0310638986629,0.146267622616,5.83060264711,[ 0.70110156  0.06914068  0.08765702],"[ 0.00270554  0.06829103  0.01528401  0.00085805  0.00280304  0.01074154
  0.07369109  0.0157307   0.07468411  0.12488884]","[ 0.14801195  0.15125106  0.13198149  0.14830222  0.1450152   0.13759464
  0.12678811  0.14214949  0.13482025  0.14294662]","[ 5.42437217  7.57108831  5.20107629  5.95986765  5.45767641  5.91104931
  6.63511562  7.40723882  6.32261487  5.35512834]","[-71.95705308 -78.5211312  -91.27631298 -61.30832694 -67.17847096
 -88.65277472 -82.17085014 -77.29833403 -77.23511322 -89.39255486]",-812.37643427
0.0179623375205,0.127054859546,5.85289346154,[ 0.16253197  0.15166067  0.04975874],"[ 0.02040991  0.01817126  0.01460115  0.01937392  0.01607947  0.01476682
  0.03915192  0.01119138  0.00691558  0.02729016]","[ 0.11455415  0.16041852  0.10084148  0.13841611  0.12799813  0.12546332
  0.10479064  0.18779297  0.14965809  0.08677771]","[ 6.22162769  5.96707163  5.58729917  6.00183047  6.31619038  6.04544011
  6.13400846  6.09149777  5.35979317  5.69499079]","[-70.80690191 -77.54985525 -90.23057842 -62.31896815 -67.19146343
 -88.84114762 -83.03537451 -77.38447147 -77.51395281 -89.52589074]",-810.910110325
0.0617127040651,0.122630371559,6.77713040272,[ 0.33596142  0.06403928  0.18338437],"[ 0.05960596  0.06592306  0.06958754  0.00434775  0.01265901  0.07040413
  0.05353491  0.02652513  0.05817279  0.07722027]","[ 0.13069727  0.12263121  0.12526555  0.1284767   0.11653944  0.11988871
  0.10929489  0.13501091  0.14137624  0.09967155]","[ 7.37342113  6.73632946  7.78491495  7.33840871  6.49974695  7.01501338
  6.55117471  6.42639384  6.34826116  6.41210416]","[-71.25733993 -79.53892486 -91.55624183 -61.42334814 -67.23286582
 -88.43267506 -82.6731043  -78.71828785 -77.06046475 -89.02800955]",-809.07016735
0.0158981728305,0.131982846016,6.9342905201,[ 0.63491007  0.0810165   0.11085019],"[ 0.03437016  0.02403111  0.08491609  0.00255506  0.00624591  0.0501405
  0.04344984  0.0269356   0.15872655  0.14301497]","[ 0.12242953  0.14395816  0.1132829   0.13345137  0.12712635  0.13259518
  0.1712991   0.16136518  0.11542011  0.12686207]","[ 6.8324646   6.77716734  6.63555023  6.88092709  5.8064608   6.52699146
  6.50238238  5.66568025  7.6931503   6.66639005]","[-70.82700431 -77.9807935  -90.289668   -61.25739428 -67.30747502
 -88.16117194 -83.56487497 -78.86103285 -79.05301993 -89.9021535 ]",-811.343791089
0.0555881116737,0.104726690132,6.51582559375,[ 0.36220872  0.20330718  0.2460856 ],"[ 0.09027124  0.05507842  0.07626499  0.00837484  0.01120657  0.0419825
  0.09064969  0.05278966  0.1028612   0.05686744]","[ 0.15705499  0.20935496  0.1050858   0.15333781  0.13222132  0.1413115
  0.10308244  0.17188144  0.11624719  0.09391554]","[ 6.97236821  5.85400024  6.34542904  7.37935566  5.88837893  6.63346359
  7.10066952  6.89416137  6.01864381  5.7280853 ]","[-72.08718029 -77.54099001 -90.18540647 -62.86406202 -67.23629369
 -87.93205843 -82.89539852 -77.73752885 -79.05455611 -88.80407586]",-805.78436441
0.0485770314643,0.168491635766,6.11652265416,[ 0.25419347  0.27777209  0.13601137],"[ 0.07495483  0.08878279  0.0458169   0.07361235  0.0925135   0.03123221
  0.08474371  0.02848102  0.06986092  0.04854801]","[ 0.2194237   0.21539661  0.0935737   0.15022001  0.15927399  0.19115452
  0.21756064  0.18874953  0.147469    0.12067224]","[ 5.34964053  5.29197479  5.0822154   7.05755113  6.52478661  5.53412344
  5.37490733  5.89392563  7.65069768  5.21961838]","[-72.41113062 -78.87788397 -91.34755318 -64.82531346 -69.35218086
 -88.53902076 -81.6896025  -77.90847801 -77.32003857 -89.02164724]",-810.800058231
0.0177365616571,0.16868604149,5.70476200888,[ 2.13387819  0.22502939  0.03873753],"[  9.08517440e-05   1.04636907e-05   7.07309382e-03   3.44320000e-02
   5.98240182e-02   3.24035985e-03   9.43876734e-02   1.52809185e-05
   5.89798052e-03   1.29614646e-01]","[ 0.11200508  0.18856982  0.09398656  0.13446911  0.16365525  0.18835085
  0.21619807  0.17249381  0.12363734  0.17795659]","[ 5.74144895  6.03425848  5.47316891  5.78455615  5.70428063  5.68980409
  6.10560816  6.12224709  5.77272648  5.2736751 ]","[-71.93930274 -77.83017058 -90.2553772  -63.58744216 -68.50555647
 -89.59853047 -82.16556098 -77.18322843 -77.65767923 -89.83016176]",-808.254694482
0.051759910469,0.171850170435,5.85242121804,[ 0.93424853  0.11089681  0.19062906],"[ 0.0700308   0.01159503  0.04464812  0.0050335   0.02838804  0.16363177
  0.04314044  0.0346323   0.06305886  0.16863191]","[ 0.18122388  0.17341336  0.14461474  0.16530144  0.16098107  0.21950718
  0.15515331  0.20306399  0.16897083  0.18344551]","[ 5.09785362  5.46821246  5.97260693  5.59230165  5.23365067  7.23627002
  4.9088185   6.20558603  5.60175109  7.70576689]","[-71.69775302 -77.3385326  -91.98270904 -61.71324912 -67.87496726
 -86.96056975 -81.60344176 -77.83131976 -77.38207264 -92.25360044]",-800.674814466
0.0430864028202,0.110753255037,7.85155357625,[ 0.96876667  0.09434742  0.18711956],"[ 0.03049109  0.01005428  0.07455679  0.00284137  0.04727519  0.0907288
  0.05737814  0.01170962  0.0471717   0.15304014]","[ 0.11930552  0.11414428  0.09026332  0.10366894  0.09773016  0.13491805
  0.09786071  0.12801221  0.10736856  0.11383116]","[ 6.52936213  7.74227171  6.98078214  7.75679381  7.84725173  8.98172826
  7.71745756  7.55233451  8.06034587  9.13018919]","[-70.66185073 -79.52383728 -89.86599    -61.11572707 -67.97787006
 -86.73149883 -83.28616819 -77.62027304 -77.08659574 -91.68272575]",-799.447156109
0.0361019661954,0.143389855629,6.68854552388,[ 0.25455225  0.03990467  0.05279248],"[ 0.07863452  0.03014695  0.04799122  0.03585465  0.04639987  0.07707595
  0.05327671  0.0352736   0.03983505  0.05354367]","[ 0.14188745  0.13203918  0.13609314  0.13091442  0.14404255  0.16589056
  0.14142642  0.13654918  0.16510779  0.12950852]","[ 6.2762875   6.91154686  6.45219806  7.00233442  6.59793185  6.76513789
  6.97705974  7.15341495  6.32738661  6.3888596 ]","[-71.21946229 -78.26957616 -91.81218049 -62.7809606  -67.82205485
 -87.13220675 -83.03964107 -77.94307516 -77.7042663  -91.31951441]",-816.53421543
0.0388273558325,0.154650637571,6.25015506467,[ 0.89665604  0.15017658  0.09481908],"[ 0.06110857  0.00234326  0.01994113  0.01155234  0.0079849   0.08882332
  0.11317099  0.0399944   0.03222923  0.17528925]","[ 0.16451731  0.16519961  0.14574006  0.13638288  0.15679717  0.2159264
  0.14199052  0.1946105   0.14388625  0.16704606]","[ 6.17839082  5.92451649  6.2946392   5.77726479  6.28293244  6.59520841
  5.9457847   6.47960277  6.32650339  6.33601945]","[-71.60884606 -77.65131803 -93.98288972 -62.19009274 -67.59654579
 -87.12173213 -82.33938469 -77.73120851 -77.40849217 -90.78351839]",-801.523407165
0.0605999548741,0.154551471672,5.76654589738,[ 0.66560683  0.17052731  0.16783691],"[ 0.05277254  0.00677489  0.00560505  0.00467476  0.05513175  0.13154732
  0.07160733  0.07091087  0.0017639   0.01093394]","[ 0.10114856  0.21423162  0.14215519  0.12196744  0.16102171  0.17035937
  0.12800764  0.23976787  0.16526852  0.12374165]","[ 7.99081542  5.81632851  5.15082738  6.62727458  6.18380056  6.74463307
  6.24257826  6.44009471  5.14601765  5.05340523]","[-70.31598652 -77.41997902 -92.0719492  -61.35581957 -68.14295325
 -87.56758462 -82.06390011 -78.97846711 -77.70169701 -90.34808944]",-807.979680719
0.0275912915126,0.146468600759,6.00664508602,[ 0.9048567   0.07746798  0.04990435],"[  1.94288639e-02   1.44485309e-02   6.51357969e-02   1.48589674e-04
   2.02032722e-02   1.74348302e-01   2.81374588e-02   2.08089367e-03
   7.78214323e-03   8.42422910e-02]","[ 0.12206504  0.16070312  0.13280438  0.13623852  0.16096083  0.13891067
  0.12507098  0.1689992   0.14053635  0.11660879]","[ 5.73308618  6.19335463  6.39751697  6.04412647  5.78791206  6.34387012
  6.05765629  5.818283    5.84865223  6.07004068]","[-70.8462017  -77.6130339  -91.12331347 -61.28640069 -67.37035854
 -91.16948593 -82.65712494 -77.55128899 -77.77909865 -89.19295164]",-807.711130453
0.0375096112435,0.152862676341,5.82566743698,[ 0.37652202  0.07834892  0.07712314],"[ 0.02976164  0.02034336  0.03594222  0.00929478  0.02327302  0.05477411
  0.02829019  0.04080125  0.08198969  0.05840376]","[ 0.14361914  0.15590952  0.15224879  0.14396858  0.15708438  0.16911249
  0.16711018  0.16445376  0.15414218  0.13852857]","[ 5.52686005  6.57391845  5.85014742  6.5871644   6.05911759  6.03658469
  5.44090413  6.49773622  5.86799335  5.64386483]","[-70.85581459 -77.78667108 -92.66893139 -61.6577315  -67.42267157
 -87.83488839 -82.10168614 -77.84638733 -77.50507442 -89.95707469]",-803.735644556
0.0501537741319,0.148120676039,5.81047960808,[ 1.15045257  0.04399384  0.18649555],"[ 0.01396789  0.03671212  0.10313167  0.01748803  0.00163937  0.15601728
  0.01643147  0.00105574  0.00020195  0.00334531]","[ 0.15022715  0.14003118  0.14714503  0.15563594  0.14632292  0.16094362
  0.15818221  0.14474115  0.14444199  0.14613599]","[ 4.69288333  6.25294807  5.94022193  6.11874368  5.26960286  7.55352006
  5.84129396  6.42276691  5.14983734  3.97641464]","[-71.14087634 -78.24965509 -91.54426472 -62.11712681 -67.28282814
 -87.3131037  -83.38568302 -77.47541228 -77.53017121 -88.99033461]",-803.058138734
0.0273045818276,0.140513340418,5.91429369349,[ 0.12083623  0.13590957  0.20363867],"[ 0.0422507   0.02704949  0.02344065  0.01786527  0.01962595  0.04065615
  0.03379084  0.01955918  0.0437215   0.03331322]","[ 0.11392086  0.17828289  0.14630265  0.1550179   0.13468472  0.18030983
  0.14232109  0.15176724  0.09690189  0.11032174]","[ 6.42094748  6.54025195  6.246371    4.97877779  5.74777095  6.18603708
  5.31052103  7.60529097  6.965168    5.2136976 ]","[-70.46607986 -77.68760714 -93.6365344  -63.47490349 -67.49986885
 -87.9984981  -81.81816101 -77.28882911 -77.56745575 -89.17716261]",-809.404311829
0.0173769155793,0.125033946197,6.57675064845,[ 0.42357497  0.16416833  0.22657256],"[ 0.04414384  0.02700189  0.03664306  0.02453925  0.01491858  0.02974123
  0.07503992  0.00659161  0.001996    0.04572034]","[ 0.08922606  0.15315068  0.10224733  0.16408452  0.17226461  0.11308855
  0.11347651  0.14137695  0.14244414  0.10362344]","[ 7.12236769  4.88363044  6.82441558  5.37829207  6.45934001  6.62620675
  7.9813196   6.54939602  5.58428771  5.62614498]","[-70.59905421 -79.33006194 -90.38702097 -62.90407738 -68.23212748
 -88.98353279 -82.91340783 -77.60465302 -77.75373431 -89.10023583]",-806.741099726
0.0309320396905,0.140810415189,6.30246529134,[ 0.23651553  0.08924605  0.22481125],"[ 0.02401774  0.0319329   0.05507532  0.02810489  0.02476138  0.04145946
  0.03082012  0.01353387  0.05794892  0.05185189]","[ 0.13699458  0.12938743  0.09477112  0.16790143  0.14942582  0.1570047
  0.16765704  0.13604968  0.1359621   0.14214506]","[ 4.79738679  6.99622968  6.97981757  6.71733485  5.28382162  5.12565905
  4.84537373  6.7630095   7.76203879  4.00967595]","[-71.26406455 -78.3606911  -89.86231513 -63.18014128 -67.87996528
 -89.32916752 -81.47529695 -77.79449901 -77.34646671 -89.09181155]",-808.975523258
0.0114334873458,0.158772158372,5.51992704565,[ 0.87548788  0.23867067  0.34991313],"[  1.55448999e-02   2.84831556e-03   5.11753448e-04   2.46363330e-06
   6.87894153e-03   2.17457003e-02   1.76265819e-03   5.61650116e-03
   7.88022541e-02   8.10369320e-02]","[ 0.10356072  0.25356041  0.09868038  0.14501759  0.11304119  0.16427947
  0.20911218  0.1876836   0.1961466   0.12357714]","[ 6.38042479  3.72363254  5.14548387  6.48573571  6.48223054  6.74321907
  4.78521296  5.67015019  7.19429826  5.18643659]","[-71.02770163 -79.1475786  -90.39318091 -61.25255756 -67.27250345
 -88.83552321 -82.7425303  -77.61618852 -78.11622756 -88.80619049]",-802.502775746
0.0374606604777,0.155528203156,5.8236773977,[ 0.40744449  0.05924396  0.0576308 ],"[ 0.02532926  0.01277731  0.06642796  0.06779372  0.02376901  0.02418094
  0.01311538  0.04154269  0.01720857  0.07283507]","[ 0.15626909  0.1581266   0.12034422  0.1423348   0.15497576  0.15074443
  0.15334093  0.17591789  0.16428371  0.17165301]","[ 5.90190667  5.41198652  5.6673248   5.89864344  5.86593986  6.04096235
  5.38232358  5.97751142  5.59383176  5.12458922]","[-71.65364585 -77.81996061 -90.67247206 -65.17241501 -67.39156385
 -88.30124643 -82.46795958 -78.32950076 -77.69013173 -89.74920419]",-813.045995932
0.0155026430943,0.134602597427,5.93019507345,[ 0.88174484  0.10585888  0.21644376],"[  2.45272989e-02   6.55332810e-03   1.24172851e-03   1.04675783e-04
   2.82879216e-02   8.37064204e-02   2.34828441e-03   2.01301905e-02
   1.25645183e-01   3.46881707e-02]","[ 0.10998901  0.16102027  0.11591991  0.12771483  0.11957525  0.13329796
  0.15277029  0.14801016  0.14642724  0.1165728 ]","[ 5.9724973   5.56354705  5.56593379  6.45632562  6.471446    6.62866618
  4.92763714  6.12201931  6.74186834  5.58952976]","[-70.79186054 -77.59523389 -91.05152658 -61.13132323 -67.52700036
 -88.2777185  -82.22939956 -78.28434083 -77.94980954 -89.89412081]",-800.346284547
0.00721643261118,0.180163695763,4.8272395319,[ 0.45479316  0.06098885  0.10405054],"[ 0.00035919  0.01827116  0.00693839  0.00802856  0.00023365  0.00333075
  0.00108166  0.00914082  0.01226766  0.00349513]","[ 0.17835834  0.20984652  0.14780569  0.19492729  0.1813595   0.15230909
  0.16958174  0.20846003  0.18947078  0.1864785 ]","[ 4.3211337   5.37360515  5.32541752  5.25118907  4.90543837  5.56464321
  4.70411874  5.5189973   4.72038719  4.43166997]","[-71.40045823 -76.98125633 -92.73617102 -62.2255708  -67.34253841
 -88.77134339 -81.97502709 -77.8772544  -77.69675984 -91.10237772]",-816.424660197
0.00656973641051,0.159118490743,5.3078936363,[ 0.44417939  0.04633651  0.22578151],"[ 0.00361456  0.00788606  0.00277493  0.01821231  0.01795431  0.01474532
  0.00637538  0.00284326  0.00148712  0.01166184]","[ 0.13985136  0.16128657  0.14888323  0.14036427  0.15100555  0.15590844
  0.16589468  0.15881909  0.15068437  0.16783118]","[ 4.82552743  4.54325278  4.8072959   6.38913844  5.72437543  7.30828337
  4.79612379  7.35813299  4.53580315  4.02328859]","[-71.25605524 -79.17937694 -92.18231994 -62.01764475 -67.29955863
 -89.94140833 -81.89382766 -77.3671318  -77.87780111 -89.17655373]",-809.276376865
0.0291720223856,0.179139885978,5.15291544567,[ 0.30351747  0.13819918  0.22768819],"[ 0.01954953  0.04495297  0.00318784  0.02494204  0.0415341   0.05551986
  0.08590612  0.01559778  0.05536211  0.03529932]","[ 0.1556355   0.17848162  0.15243534  0.11902556  0.17076376  0.22635244
  0.20507078  0.1330852   0.14962873  0.1260664 ]","[ 5.83017847  5.21108611  4.40058754  5.87844046  5.75310503  5.59335604
  4.36093515  6.13763825  5.66906879  4.47461853]","[-71.78901618 -78.18982609 -92.26083399 -63.65280462 -67.87384344
 -88.52643615 -82.17563538 -79.03963866 -77.28842695 -88.79169674]",-812.47514608
0.00591280688504,0.167120925202,6.35079736061,[ 1.72533292  0.04779288  0.13188045],"[  8.34019656e-02   2.73443429e-02   9.06171112e-02   4.82930069e-11
   5.66796075e-03   4.37392714e-02   3.77025500e-02   3.55783226e-02
   1.04817884e-01   1.67013131e-01]","[ 0.1633684   0.16570765  0.14815245  0.15771596  0.16929427  0.17407123
  0.15421567  0.17838599  0.16120314  0.15734327]","[ 6.10552524  6.05676211  6.17649858  6.2679795   6.56256821  5.61274432
  4.7752342   6.8367559   6.04709491  5.70290399]","[-71.69171113 -77.50171691 -91.51172611 -61.46046541 -68.65187995
 -88.27569032 -81.65799955 -77.44730663 -77.81139386 -90.28986605]",-806.557087342
0.0320638968365,0.151575192109,5.80697707232,[ 0.39157666  0.08002629  0.04146592],"[ 0.02650915  0.01069964  0.04992244  0.04452963  0.01808506  0.02283953
  0.0130315   0.0201508   0.01873531  0.07196472]","[ 0.15512929  0.14805853  0.10433342  0.14577793  0.14551044  0.14177311
  0.14836629  0.1784995   0.1563698   0.17181684]","[ 5.8765428   5.49948185  5.59734244  5.81260343  5.87604446  6.04981955
  5.43524689  5.93607183  5.64701507  5.26551592]","[-71.5259889  -78.12823249 -90.39089979 -63.79910801 -67.26640497
 -88.39533799 -82.51750587 -77.72189533 -77.52700492 -89.99648564]",-812.196980705
0.013407504089,0.139711500373,5.65371374594,[ 0.30804401  0.39322582  0.08630188],"[ 0.0295029   0.0197271   0.01470193  0.00867598  0.01428613  0.0082332
  0.05640533  0.006703    0.00344215  0.01588095]","[ 0.11399232  0.21898056  0.10064968  0.21180253  0.14495491  0.13950656
  0.09757519  0.14459839  0.12910223  0.12356859]","[ 5.39317048  4.85432264  6.0356092   5.52822527  5.68505431  5.83919881
  5.25362715  6.00976443  5.41913089  4.81284262]","[-71.20965126 -77.17443889 -90.34897794 -62.68887877 -67.26567592
 -88.68463818 -84.72331168 -78.226496   -77.60390653 -89.50593128]",-806.643154117
